27,-16,0PcmM+Srtd8bg77Q6Y3Z3azxX4U=,wAupQiRdDHZrnITM47DsSP34Nq0=
27,-15,0PcmM+Srtd8bg77Q6Y3Z3azxX4U=,wAupQiRdDHZrnITM47DsSP34Nq0=
26,-16,0PcmM+Srtd8bg77Q6Y3Z3azxX4U=,wAupQiRdDHZrnITM47DsSP34Nq0=
27,-14,0PcmM+Srtd8bg77Q6Y3Z3azxX4U=,wAupQiRdDHZrnITM47DsSP34Nq0=
25,-16,0PcmM+Srtd8bg77Q6Y3Z3azxX4U=,wAupQiRdDHZrnITM47DsSP34Nq0=
25,-15,0PcmM+Srtd8bg77Q6Y3Z3azxX4U=,wAupQiRdDHZrnITM47DsSP34Nq0=
26,-14,0PcmM+Srtd8bg77Q6Y3Z3azxX4U=,wAupQiRdDHZrnITM47DsSP34Nq0=
25,-14,0PcmM+Srtd8bg77Q6Y3Z3azxX4U=,wAupQiRdDHZrnITM47DsSP34Nq0=
26,-15,0PcmM+Srtd8bg77Q6Y3Z3azxX4U=,wAupQiRdDHZrnITM47DsSP34Nq0=
23,-16,0PcmM+Srtd8bg77Q6Y3Z3azxX4U=,wAupQiRdDHZrnITM47DsSP34Nq0=
24,-16,0PcmM+Srtd8bg77Q6Y3Z3azxX4U=,wAupQiRdDHZrnITM47DsSP34Nq0=
24,-15,0PcmM+Srtd8bg77Q6Y3Z3azxX4U=,wAupQiRdDHZrnITM47DsSP34Nq0=
23,-15,0PcmM+Srtd8bg77Q6Y3Z3azxX4U=,wAupQiRdDHZrnITM47DsSP34Nq0=
23,-14,0PcmM+Srtd8bg77Q6Y3Z3azxX4U=,wAupQiRdDHZrnITM47DsSP34Nq0=
24,-14,0PcmM+Srtd8bg77Q6Y3Z3azxX4U=,wAupQiRdDHZrnITM47DsSP34Nq0=
24,-13,0PcmM+Srtd8bg77Q6Y3Z3azxX4U=,wAupQiRdDHZrnITM47DsSP34Nq0=
23,-12,0PcmM+Srtd8bg77Q6Y3Z3azxX4U=,wAupQiRdDHZrnITM47DsSP34Nq0=
24,-12,0PcmM+Srtd8bg77Q6Y3Z3azxX4U=,wAupQiRdDHZrnITM47DsSP34Nq0=
23,-13,0PcmM+Srtd8bg77Q6Y3Z3azxX4U=,wAupQiRdDHZrnITM47DsSP34Nq0=
21,-13,0PcmM+Srtd8bg77Q6Y3Z3azxX4U=,wAupQiRdDHZrnITM47DsSP34Nq0=
22,-12,0PcmM+Srtd8bg77Q6Y3Z3azxX4U=,wAupQiRdDHZrnITM47DsSP34Nq0=
21,-12,0PcmM+Srtd8bg77Q6Y3Z3azxX4U=,dg+bJ4f+0FK+4VEvQNMP+srPRqo=
22,-13,0PcmM+Srtd8bg77Q6Y3Z3azxX4U=,wAupQiRdDHZrnITM47DsSP34Nq0=
21,-10,0PcmM+Srtd8bg77Q6Y3Z3azxX4U=,wAupQiRdDHZrnITM47DsSP34Nq0=
22,-11,0PcmM+Srtd8bg77Q6Y3Z3azxX4U=,wAupQiRdDHZrnITM47DsSP34Nq0=
21,-11,0PcmM+Srtd8bg77Q6Y3Z3azxX4U=,dg+bJ4f+0FK+4VEvQNMP+srPRqo=
22,-10,0PcmM+Srtd8bg77Q6Y3Z3azxX4U=,wAupQiRdDHZrnITM47DsSP34Nq0=
20,-8,0PcmM+Srtd8bg77Q6Y3Z3azxX4U=,wAupQiRdDHZrnITM47DsSP34Nq0=
19,-8,0PcmM+Srtd8bg77Q6Y3Z3azxX4U=,wAupQiRdDHZrnITM47DsSP34Nq0=
19,-6,0PcmM+Srtd8bg77Q6Y3Z3azxX4U=,wAupQiRdDHZrnITM47DsSP34Nq0=
19,-7,0PcmM+Srtd8bg77Q6Y3Z3azxX4U=,wAupQiRdDHZrnITM47DsSP34Nq0=
21,-8,0PcmM+Srtd8bg77Q6Y3Z3azxX4U=,wAupQiRdDHZrnITM47DsSP34Nq0=
20,-9,0PcmM+Srtd8bg77Q6Y3Z3azxX4U=,wAupQiRdDHZrnITM47DsSP34Nq0=
20,-7,0PcmM+Srtd8bg77Q6Y3Z3azxX4U=,wAupQiRdDHZrnITM47DsSP34Nq0=
22,-9,0PcmM+Srtd8bg77Q6Y3Z3azxX4U=,wAupQiRdDHZrnITM47DsSP34Nq0=
19,-9,0PcmM+Srtd8bg77Q6Y3Z3azxX4U=,wAupQiRdDHZrnITM47DsSP34Nq0=
21,-9,0PcmM+Srtd8bg77Q6Y3Z3azxX4U=,wAupQiRdDHZrnITM47DsSP34Nq0=
22,-8,0PcmM+Srtd8bg77Q6Y3Z3azxX4U=,wAupQiRdDHZrnITM47DsSP34Nq0=
20,-6,0PcmM+Srtd8bg77Q6Y3Z3azxX4U=,wAupQiRdDHZrnITM47DsSP34Nq0=
19,-4,0PcmM+Srtd8bg77Q6Y3Z3azxX4U=,wAupQiRdDHZrnITM47DsSP34Nq0=
21,-7,0PcmM+Srtd8bg77Q6Y3Z3azxX4U=,wAupQiRdDHZrnITM47DsSP34Nq0=
19,-5,0PcmM+Srtd8bg77Q6Y3Z3azxX4U=,wAupQiRdDHZrnITM47DsSP34Nq0=
20,-4,0PcmM+Srtd8bg77Q6Y3Z3azxX4U=,wAupQiRdDHZrnITM47DsSP34Nq0=
22,-7,0PcmM+Srtd8bg77Q6Y3Z3azxX4U=,wAupQiRdDHZrnITM47DsSP34Nq0=
21,-6,0PcmM+Srtd8bg77Q6Y3Z3azxX4U=,wAupQiRdDHZrnITM47DsSP34Nq0=
20,-5,0PcmM+Srtd8bg77Q6Y3Z3azxX4U=,wAupQiRdDHZrnITM47DsSP34Nq0=
21,-5,0PcmM+Srtd8bg77Q6Y3Z3azxX4U=,wAupQiRdDHZrnITM47DsSP34Nq0=
21,-4,0PcmM+Srtd8bg77Q6Y3Z3azxX4U=,wAupQiRdDHZrnITM47DsSP34Nq0=
22,-4,0PcmM+Srtd8bg77Q6Y3Z3azxX4U=,wAupQiRdDHZrnITM47DsSP34Nq0=
22,-6,0PcmM+Srtd8bg77Q6Y3Z3azxX4U=,wAupQiRdDHZrnITM47DsSP34Nq0=
22,-5,0PcmM+Srtd8bg77Q6Y3Z3azxX4U=,wAupQiRdDHZrnITM47DsSP34Nq0=
19,-2,0PcmM+Srtd8bg77Q6Y3Z3azxX4U=,wAupQiRdDHZrnITM47DsSP34Nq0=
19,-3,0PcmM+Srtd8bg77Q6Y3Z3azxX4U=,wAupQiRdDHZrnITM47DsSP34Nq0=
20,-3,0PcmM+Srtd8bg77Q6Y3Z3azxX4U=,wAupQiRdDHZrnITM47DsSP34Nq0=
20,-2,0PcmM+Srtd8bg77Q6Y3Z3azxX4U=,wAupQiRdDHZrnITM47DsSP34Nq0=
21,-2,0PcmM+Srtd8bg77Q6Y3Z3azxX4U=,wAupQiRdDHZrnITM47DsSP34Nq0=
21,-3,0PcmM+Srtd8bg77Q6Y3Z3azxX4U=,wAupQiRdDHZrnITM47DsSP34Nq0=
22,-2,0PcmM+Srtd8bg77Q6Y3Z3azxX4U=,wAupQiRdDHZrnITM47DsSP34Nq0=
22,-3,0PcmM+Srtd8bg77Q6Y3Z3azxX4U=,wAupQiRdDHZrnITM47DsSP34Nq0=
23,-3,hZOy5KWZmHkmLREUTIBgY1ePmJ8=,wAupQiRdDHZrnITM47DsSP34Nq0=
23,-2,hZOy5KWZmHkmLREUTIBgY1ePmJ8=,wAupQiRdDHZrnITM47DsSP34Nq0=
24,-3,hZOy5KWZmHkmLREUTIBgY1ePmJ8=,wAupQiRdDHZrnITM47DsSP34Nq0=
26,-3,hZOy5KWZmHkmLREUTIBgY1ePmJ8=,wAupQiRdDHZrnITM47DsSP34Nq0=
25,-3,hZOy5KWZmHkmLREUTIBgY1ePmJ8=,wAupQiRdDHZrnITM47DsSP34Nq0=
27,-3,hZOy5KWZmHkmLREUTIBgY1ePmJ8=,wAupQiRdDHZrnITM47DsSP34Nq0=
25,-2,hZOy5KWZmHkmLREUTIBgY1ePmJ8=,wAupQiRdDHZrnITM47DsSP34Nq0=
27,-2,hZOy5KWZmHkmLREUTIBgY1ePmJ8=,wAupQiRdDHZrnITM47DsSP34Nq0=
24,-2,hZOy5KWZmHkmLREUTIBgY1ePmJ8=,wAupQiRdDHZrnITM47DsSP34Nq0=
27,-5,hZOy5KWZmHkmLREUTIBgY1ePmJ8=,wAupQiRdDHZrnITM47DsSP34Nq0=
27,-4,hZOy5KWZmHkmLREUTIBgY1ePmJ8=,wAupQiRdDHZrnITM47DsSP34Nq0=
26,-2,hZOy5KWZmHkmLREUTIBgY1ePmJ8=,wAupQiRdDHZrnITM47DsSP34Nq0=
26,-5,hZOy5KWZmHkmLREUTIBgY1ePmJ8=,wAupQiRdDHZrnITM47DsSP34Nq0=
24,-4,hZOy5KWZmHkmLREUTIBgY1ePmJ8=,wAupQiRdDHZrnITM47DsSP34Nq0=
24,-5,hZOy5KWZmHkmLREUTIBgY1ePmJ8=,wAupQiRdDHZrnITM47DsSP34Nq0=
23,-5,hZOy5KWZmHkmLREUTIBgY1ePmJ8=,wAupQiRdDHZrnITM47DsSP34Nq0=
25,-4,hZOy5KWZmHkmLREUTIBgY1ePmJ8=,wAupQiRdDHZrnITM47DsSP34Nq0=
23,-4,hZOy5KWZmHkmLREUTIBgY1ePmJ8=,wAupQiRdDHZrnITM47DsSP34Nq0=
26,-4,hZOy5KWZmHkmLREUTIBgY1ePmJ8=,wAupQiRdDHZrnITM47DsSP34Nq0=
25,-5,hZOy5KWZmHkmLREUTIBgY1ePmJ8=,wAupQiRdDHZrnITM47DsSP34Nq0=
27,-7,hZOy5KWZmHkmLREUTIBgY1ePmJ8=,wAupQiRdDHZrnITM47DsSP34Nq0=
27,-8,hZOy5KWZmHkmLREUTIBgY1ePmJ8=,wAupQiRdDHZrnITM47DsSP34Nq0=
27,-9,hZOy5KWZmHkmLREUTIBgY1ePmJ8=,wAupQiRdDHZrnITM47DsSP34Nq0=
27,-6,hZOy5KWZmHkmLREUTIBgY1ePmJ8=,wAupQiRdDHZrnITM47DsSP34Nq0=
26,-7,hZOy5KWZmHkmLREUTIBgY1ePmJ8=,wAupQiRdDHZrnITM47DsSP34Nq0=
23,-7,hZOy5KWZmHkmLREUTIBgY1ePmJ8=,wAupQiRdDHZrnITM47DsSP34Nq0=
25,-6,hZOy5KWZmHkmLREUTIBgY1ePmJ8=,wAupQiRdDHZrnITM47DsSP34Nq0=
23,-6,hZOy5KWZmHkmLREUTIBgY1ePmJ8=,wAupQiRdDHZrnITM47DsSP34Nq0=
24,-8,hZOy5KWZmHkmLREUTIBgY1ePmJ8=,wAupQiRdDHZrnITM47DsSP34Nq0=
24,-6,hZOy5KWZmHkmLREUTIBgY1ePmJ8=,wAupQiRdDHZrnITM47DsSP34Nq0=
25,-7,hZOy5KWZmHkmLREUTIBgY1ePmJ8=,wAupQiRdDHZrnITM47DsSP34Nq0=
27,-1,hZOy5KWZmHkmLREUTIBgY1ePmJ8=,wAupQiRdDHZrnITM47DsSP34Nq0=
23,-10,hZOy5KWZmHkmLREUTIBgY1ePmJ8=,wAupQiRdDHZrnITM47DsSP34Nq0=
26,-6,hZOy5KWZmHkmLREUTIBgY1ePmJ8=,wAupQiRdDHZrnITM47DsSP34Nq0=
23,-11,hZOy5KWZmHkmLREUTIBgY1ePmJ8=,wAupQiRdDHZrnITM47DsSP34Nq0=
24,-9,hZOy5KWZmHkmLREUTIBgY1ePmJ8=,wAupQiRdDHZrnITM47DsSP34Nq0=
25,-8,hZOy5KWZmHkmLREUTIBgY1ePmJ8=,wAupQiRdDHZrnITM47DsSP34Nq0=
24,-11,hZOy5KWZmHkmLREUTIBgY1ePmJ8=,wAupQiRdDHZrnITM47DsSP34Nq0=
25,-9,hZOy5KWZmHkmLREUTIBgY1ePmJ8=,wAupQiRdDHZrnITM47DsSP34Nq0=
24,-10,hZOy5KWZmHkmLREUTIBgY1ePmJ8=,wAupQiRdDHZrnITM47DsSP34Nq0=
26,-9,hZOy5KWZmHkmLREUTIBgY1ePmJ8=,wAupQiRdDHZrnITM47DsSP34Nq0=
24,-7,hZOy5KWZmHkmLREUTIBgY1ePmJ8=,wAupQiRdDHZrnITM47DsSP34Nq0=
26,-8,hZOy5KWZmHkmLREUTIBgY1ePmJ8=,wAupQiRdDHZrnITM47DsSP34Nq0=
23,-8,hZOy5KWZmHkmLREUTIBgY1ePmJ8=,wAupQiRdDHZrnITM47DsSP34Nq0=
25,-1,hZOy5KWZmHkmLREUTIBgY1ePmJ8=,wAupQiRdDHZrnITM47DsSP34Nq0=
26,-1,hZOy5KWZmHkmLREUTIBgY1ePmJ8=,wAupQiRdDHZrnITM47DsSP34Nq0=
20,-1,hZOy5KWZmHkmLREUTIBgY1ePmJ8=,wAupQiRdDHZrnITM47DsSP34Nq0=
23,-9,hZOy5KWZmHkmLREUTIBgY1ePmJ8=,wAupQiRdDHZrnITM47DsSP34Nq0=
19,-1,hZOy5KWZmHkmLREUTIBgY1ePmJ8=,wAupQiRdDHZrnITM47DsSP34Nq0=
27,-13,hZOy5KWZmHkmLREUTIBgY1ePmJ8=,wAupQiRdDHZrnITM47DsSP34Nq0=
22,-1,hZOy5KWZmHkmLREUTIBgY1ePmJ8=,wAupQiRdDHZrnITM47DsSP34Nq0=
27,-12,hZOy5KWZmHkmLREUTIBgY1ePmJ8=,wAupQiRdDHZrnITM47DsSP34Nq0=
21,-1,hZOy5KWZmHkmLREUTIBgY1ePmJ8=,wAupQiRdDHZrnITM47DsSP34Nq0=
24,-1,hZOy5KWZmHkmLREUTIBgY1ePmJ8=,wAupQiRdDHZrnITM47DsSP34Nq0=
23,-1,hZOy5KWZmHkmLREUTIBgY1ePmJ8=,wAupQiRdDHZrnITM47DsSP34Nq0=
25,-10,hZOy5KWZmHkmLREUTIBgY1ePmJ8=,wAupQiRdDHZrnITM47DsSP34Nq0=
26,-11,hZOy5KWZmHkmLREUTIBgY1ePmJ8=,wAupQiRdDHZrnITM47DsSP34Nq0=
26,-13,hZOy5KWZmHkmLREUTIBgY1ePmJ8=,wAupQiRdDHZrnITM47DsSP34Nq0=
27,-11,hZOy5KWZmHkmLREUTIBgY1ePmJ8=,wAupQiRdDHZrnITM47DsSP34Nq0=
26,-12,hZOy5KWZmHkmLREUTIBgY1ePmJ8=,wAupQiRdDHZrnITM47DsSP34Nq0=
27,-10,hZOy5KWZmHkmLREUTIBgY1ePmJ8=,wAupQiRdDHZrnITM47DsSP34Nq0=
25,-12,hZOy5KWZmHkmLREUTIBgY1ePmJ8=,wAupQiRdDHZrnITM47DsSP34Nq0=
25,-13,hZOy5KWZmHkmLREUTIBgY1ePmJ8=,wAupQiRdDHZrnITM47DsSP34Nq0=
26,-10,hZOy5KWZmHkmLREUTIBgY1ePmJ8=,wAupQiRdDHZrnITM47DsSP34Nq0=
25,-11,hZOy5KWZmHkmLREUTIBgY1ePmJ8=,wAupQiRdDHZrnITM47DsSP34Nq0=
18,-5,hZOy5KWZmHkmLREUTIBgY1ePmJ8=,wAupQiRdDHZrnITM47DsSP34Nq0=
18,-4,hZOy5KWZmHkmLREUTIBgY1ePmJ8=,wAupQiRdDHZrnITM47DsSP34Nq0=
18,-3,hZOy5KWZmHkmLREUTIBgY1ePmJ8=,wAupQiRdDHZrnITM47DsSP34Nq0=
17,-4,hZOy5KWZmHkmLREUTIBgY1ePmJ8=,wAupQiRdDHZrnITM47DsSP34Nq0=
17,-2,hZOy5KWZmHkmLREUTIBgY1ePmJ8=,wAupQiRdDHZrnITM47DsSP34Nq0=
17,-3,hZOy5KWZmHkmLREUTIBgY1ePmJ8=,wAupQiRdDHZrnITM47DsSP34Nq0=
18,-2,hZOy5KWZmHkmLREUTIBgY1ePmJ8=,wAupQiRdDHZrnITM47DsSP34Nq0=
18,-7,hZOy5KWZmHkmLREUTIBgY1ePmJ8=,wAupQiRdDHZrnITM47DsSP34Nq0=
17,-5,hZOy5KWZmHkmLREUTIBgY1ePmJ8=,wAupQiRdDHZrnITM47DsSP34Nq0=
18,-6,hZOy5KWZmHkmLREUTIBgY1ePmJ8=,wAupQiRdDHZrnITM47DsSP34Nq0=
17,-6,hZOy5KWZmHkmLREUTIBgY1ePmJ8=,wAupQiRdDHZrnITM47DsSP34Nq0=
17,-7,hZOy5KWZmHkmLREUTIBgY1ePmJ8=,wAupQiRdDHZrnITM47DsSP34Nq0=
18,-8,hZOy5KWZmHkmLREUTIBgY1ePmJ8=,wAupQiRdDHZrnITM47DsSP34Nq0=
18,-9,hZOy5KWZmHkmLREUTIBgY1ePmJ8=,wAupQiRdDHZrnITM47DsSP34Nq0=
17,-9,hZOy5KWZmHkmLREUTIBgY1ePmJ8=,wAupQiRdDHZrnITM47DsSP34Nq0=
17,-8,hZOy5KWZmHkmLREUTIBgY1ePmJ8=,wAupQiRdDHZrnITM47DsSP34Nq0=
19,-11,hZOy5KWZmHkmLREUTIBgY1ePmJ8=,wAupQiRdDHZrnITM47DsSP34Nq0=
18,-11,hZOy5KWZmHkmLREUTIBgY1ePmJ8=,wAupQiRdDHZrnITM47DsSP34Nq0=
20,-10,hZOy5KWZmHkmLREUTIBgY1ePmJ8=,wAupQiRdDHZrnITM47DsSP34Nq0=
19,-10,hZOy5KWZmHkmLREUTIBgY1ePmJ8=,wAupQiRdDHZrnITM47DsSP34Nq0=
17,-10,hZOy5KWZmHkmLREUTIBgY1ePmJ8=,wAupQiRdDHZrnITM47DsSP34Nq0=
17,-11,hZOy5KWZmHkmLREUTIBgY1ePmJ8=,wAupQiRdDHZrnITM47DsSP34Nq0=
18,-10,hZOy5KWZmHkmLREUTIBgY1ePmJ8=,wAupQiRdDHZrnITM47DsSP34Nq0=
20,-11,hZOy5KWZmHkmLREUTIBgY1ePmJ8=,dg+bJ4f+0FK+4VEvQNMP+srPRqo=
18,-12,hZOy5KWZmHkmLREUTIBgY1ePmJ8=,wAupQiRdDHZrnITM47DsSP34Nq0=
19,-12,hZOy5KWZmHkmLREUTIBgY1ePmJ8=,wAupQiRdDHZrnITM47DsSP34Nq0=
19,-13,hZOy5KWZmHkmLREUTIBgY1ePmJ8=,wAupQiRdDHZrnITM47DsSP34Nq0=
17,-13,hZOy5KWZmHkmLREUTIBgY1ePmJ8=,wAupQiRdDHZrnITM47DsSP34Nq0=
17,-12,hZOy5KWZmHkmLREUTIBgY1ePmJ8=,wAupQiRdDHZrnITM47DsSP34Nq0=
18,-13,hZOy5KWZmHkmLREUTIBgY1ePmJ8=,wAupQiRdDHZrnITM47DsSP34Nq0=
20,-13,hZOy5KWZmHkmLREUTIBgY1ePmJ8=,wAupQiRdDHZrnITM47DsSP34Nq0=
20,-12,hZOy5KWZmHkmLREUTIBgY1ePmJ8=,dg+bJ4f+0FK+4VEvQNMP+srPRqo=
17,-1,hZOy5KWZmHkmLREUTIBgY1ePmJ8=,wAupQiRdDHZrnITM47DsSP34Nq0=
18,-1,hZOy5KWZmHkmLREUTIBgY1ePmJ8=,wAupQiRdDHZrnITM47DsSP34Nq0=
19,-15,hZOy5KWZmHkmLREUTIBgY1ePmJ8=,wAupQiRdDHZrnITM47DsSP34Nq0=
19,-16,hZOy5KWZmHkmLREUTIBgY1ePmJ8=,wAupQiRdDHZrnITM47DsSP34Nq0=
16,-3,hZOy5KWZmHkmLREUTIBgY1ePmJ8=,wAupQiRdDHZrnITM47DsSP34Nq0=
20,-15,hZOy5KWZmHkmLREUTIBgY1ePmJ8=,wAupQiRdDHZrnITM47DsSP34Nq0=
18,-15,hZOy5KWZmHkmLREUTIBgY1ePmJ8=,wAupQiRdDHZrnITM47DsSP34Nq0=
19,-14,hZOy5KWZmHkmLREUTIBgY1ePmJ8=,wAupQiRdDHZrnITM47DsSP34Nq0=
20,-16,hZOy5KWZmHkmLREUTIBgY1ePmJ8=,wAupQiRdDHZrnITM47DsSP34Nq0=
22,-16,hZOy5KWZmHkmLREUTIBgY1ePmJ8=,wAupQiRdDHZrnITM47DsSP34Nq0=
20,-14,hZOy5KWZmHkmLREUTIBgY1ePmJ8=,wAupQiRdDHZrnITM47DsSP34Nq0=
21,-16,hZOy5KWZmHkmLREUTIBgY1ePmJ8=,wAupQiRdDHZrnITM47DsSP34Nq0=
16,-2,hZOy5KWZmHkmLREUTIBgY1ePmJ8=,wAupQiRdDHZrnITM47DsSP34Nq0=
21,-15,hZOy5KWZmHkmLREUTIBgY1ePmJ8=,wAupQiRdDHZrnITM47DsSP34Nq0=
17,-15,hZOy5KWZmHkmLREUTIBgY1ePmJ8=,wAupQiRdDHZrnITM47DsSP34Nq0=
17,-14,hZOy5KWZmHkmLREUTIBgY1ePmJ8=,wAupQiRdDHZrnITM47DsSP34Nq0=
18,-16,hZOy5KWZmHkmLREUTIBgY1ePmJ8=,wAupQiRdDHZrnITM47DsSP34Nq0=
22,-14,hZOy5KWZmHkmLREUTIBgY1ePmJ8=,wAupQiRdDHZrnITM47DsSP34Nq0=
16,-4,hZOy5KWZmHkmLREUTIBgY1ePmJ8=,wAupQiRdDHZrnITM47DsSP34Nq0=
21,-14,hZOy5KWZmHkmLREUTIBgY1ePmJ8=,wAupQiRdDHZrnITM47DsSP34Nq0=
22,-15,hZOy5KWZmHkmLREUTIBgY1ePmJ8=,wAupQiRdDHZrnITM47DsSP34Nq0=
16,-1,hZOy5KWZmHkmLREUTIBgY1ePmJ8=,wAupQiRdDHZrnITM47DsSP34Nq0=
17,-16,hZOy5KWZmHkmLREUTIBgY1ePmJ8=,wAupQiRdDHZrnITM47DsSP34Nq0=
16,-6,hZOy5KWZmHkmLREUTIBgY1ePmJ8=,wAupQiRdDHZrnITM47DsSP34Nq0=
16,-16,hZOy5KWZmHkmLREUTIBgY1ePmJ8=,wAupQiRdDHZrnITM47DsSP34Nq0=
16,-15,hZOy5KWZmHkmLREUTIBgY1ePmJ8=,wAupQiRdDHZrnITM47DsSP34Nq0=
16,-5,hZOy5KWZmHkmLREUTIBgY1ePmJ8=,wAupQiRdDHZrnITM47DsSP34Nq0=
16,-14,hZOy5KWZmHkmLREUTIBgY1ePmJ8=,wAupQiRdDHZrnITM47DsSP34Nq0=
18,-14,hZOy5KWZmHkmLREUTIBgY1ePmJ8=,wAupQiRdDHZrnITM47DsSP34Nq0=
16,-9,hZOy5KWZmHkmLREUTIBgY1ePmJ8=,wAupQiRdDHZrnITM47DsSP34Nq0=
16,-8,hZOy5KWZmHkmLREUTIBgY1ePmJ8=,wAupQiRdDHZrnITM47DsSP34Nq0=
16,-12,hZOy5KWZmHkmLREUTIBgY1ePmJ8=,wAupQiRdDHZrnITM47DsSP34Nq0=
16,-10,hZOy5KWZmHkmLREUTIBgY1ePmJ8=,wAupQiRdDHZrnITM47DsSP34Nq0=
16,-13,hZOy5KWZmHkmLREUTIBgY1ePmJ8=,wAupQiRdDHZrnITM47DsSP34Nq0=
16,-7,hZOy5KWZmHkmLREUTIBgY1ePmJ8=,wAupQiRdDHZrnITM47DsSP34Nq0=
16,-11,hZOy5KWZmHkmLREUTIBgY1ePmJ8=,wAupQiRdDHZrnITM47DsSP34Nq0=
6,-4,WJABzXsSQ756dQT8ej2mZfpxatI=,wAupQiRdDHZrnITM47DsSP34Nq0=
6,-5,WJABzXsSQ756dQT8ej2mZfpxatI=,wAupQiRdDHZrnITM47DsSP34Nq0=
5,-4,WJABzXsSQ756dQT8ej2mZfpxatI=,wAupQiRdDHZrnITM47DsSP34Nq0=
5,-5,WJABzXsSQ756dQT8ej2mZfpxatI=,wAupQiRdDHZrnITM47DsSP34Nq0=
3,-4,WJABzXsSQ756dQT8ej2mZfpxatI=,wAupQiRdDHZrnITM47DsSP34Nq0=
4,-4,WJABzXsSQ756dQT8ej2mZfpxatI=,wAupQiRdDHZrnITM47DsSP34Nq0=
4,-5,WJABzXsSQ756dQT8ej2mZfpxatI=,wAupQiRdDHZrnITM47DsSP34Nq0=
3,-5,WJABzXsSQ756dQT8ej2mZfpxatI=,wAupQiRdDHZrnITM47DsSP34Nq0=
4,-10,WJABzXsSQ756dQT8ej2mZfpxatI=,wAupQiRdDHZrnITM47DsSP34Nq0=
4,-11,WJABzXsSQ756dQT8ej2mZfpxatI=,wAupQiRdDHZrnITM47DsSP34Nq0=
3,-11,WJABzXsSQ756dQT8ej2mZfpxatI=,nX9CbU5CBjCG/piBzABUGkYcqgk=
3,-10,WJABzXsSQ756dQT8ej2mZfpxatI=,wh0K5S+DhPUSyQ7mX+Gg5gbe+eM=
3,-9,WJABzXsSQ756dQT8ej2mZfpxatI=,wh0K5S+DhPUSyQ7mX+Gg5gbe+eM=
3,-7,WJABzXsSQ756dQT8ej2mZfpxatI=,wh0K5S+DhPUSyQ7mX+Gg5gbe+eM=
4,-6,WJABzXsSQ756dQT8ej2mZfpxatI=,wAupQiRdDHZrnITM47DsSP34Nq0=
4,-9,WJABzXsSQ756dQT8ej2mZfpxatI=,wAupQiRdDHZrnITM47DsSP34Nq0=
4,-8,WJABzXsSQ756dQT8ej2mZfpxatI=,wAupQiRdDHZrnITM47DsSP34Nq0=
4,-7,WJABzXsSQ756dQT8ej2mZfpxatI=,wAupQiRdDHZrnITM47DsSP34Nq0=
3,-6,WJABzXsSQ756dQT8ej2mZfpxatI=,wAupQiRdDHZrnITM47DsSP34Nq0=
3,-8,WJABzXsSQ756dQT8ej2mZfpxatI=,wh0K5S+DhPUSyQ7mX+Gg5gbe+eM=
6,-6,WJABzXsSQ756dQT8ej2mZfpxatI=,wAupQiRdDHZrnITM47DsSP34Nq0=
5,-10,WJABzXsSQ756dQT8ej2mZfpxatI=,wAupQiRdDHZrnITM47DsSP34Nq0=
6,-9,WJABzXsSQ756dQT8ej2mZfpxatI=,wAupQiRdDHZrnITM47DsSP34Nq0=
6,-11,WJABzXsSQ756dQT8ej2mZfpxatI=,wAupQiRdDHZrnITM47DsSP34Nq0=
5,-9,WJABzXsSQ756dQT8ej2mZfpxatI=,wAupQiRdDHZrnITM47DsSP34Nq0=
6,-10,WJABzXsSQ756dQT8ej2mZfpxatI=,wAupQiRdDHZrnITM47DsSP34Nq0=
5,-11,WJABzXsSQ756dQT8ej2mZfpxatI=,wAupQiRdDHZrnITM47DsSP34Nq0=
5,-7,WJABzXsSQ756dQT8ej2mZfpxatI=,wAupQiRdDHZrnITM47DsSP34Nq0=
6,-8,WJABzXsSQ756dQT8ej2mZfpxatI=,wAupQiRdDHZrnITM47DsSP34Nq0=
6,-7,WJABzXsSQ756dQT8ej2mZfpxatI=,wAupQiRdDHZrnITM47DsSP34Nq0=
5,-8,WJABzXsSQ756dQT8ej2mZfpxatI=,wAupQiRdDHZrnITM47DsSP34Nq0=
5,-6,WJABzXsSQ756dQT8ej2mZfpxatI=,wAupQiRdDHZrnITM47DsSP34Nq0=
8,-10,WJABzXsSQ756dQT8ej2mZfpxatI=,wAupQiRdDHZrnITM47DsSP34Nq0=
8,-11,WJABzXsSQ756dQT8ej2mZfpxatI=,wAupQiRdDHZrnITM47DsSP34Nq0=
7,-11,WJABzXsSQ756dQT8ej2mZfpxatI=,wAupQiRdDHZrnITM47DsSP34Nq0=
7,-10,WJABzXsSQ756dQT8ej2mZfpxatI=,wAupQiRdDHZrnITM47DsSP34Nq0=
10,-10,WJABzXsSQ756dQT8ej2mZfpxatI=,wAupQiRdDHZrnITM47DsSP34Nq0=
9,-11,WJABzXsSQ756dQT8ej2mZfpxatI=,wAupQiRdDHZrnITM47DsSP34Nq0=
10,-11,WJABzXsSQ756dQT8ej2mZfpxatI=,wAupQiRdDHZrnITM47DsSP34Nq0=
9,-10,WJABzXsSQ756dQT8ej2mZfpxatI=,wAupQiRdDHZrnITM47DsSP34Nq0=
12,-11,WJABzXsSQ756dQT8ej2mZfpxatI=,wAupQiRdDHZrnITM47DsSP34Nq0=
11,-11,WJABzXsSQ756dQT8ej2mZfpxatI=,wAupQiRdDHZrnITM47DsSP34Nq0=
12,-10,WJABzXsSQ756dQT8ej2mZfpxatI=,wAupQiRdDHZrnITM47DsSP34Nq0=
11,-10,WJABzXsSQ756dQT8ej2mZfpxatI=,wAupQiRdDHZrnITM47DsSP34Nq0=
14,-10,WJABzXsSQ756dQT8ej2mZfpxatI=,wAupQiRdDHZrnITM47DsSP34Nq0=
13,-10,WJABzXsSQ756dQT8ej2mZfpxatI=,wAupQiRdDHZrnITM47DsSP34Nq0=
14,-11,WJABzXsSQ756dQT8ej2mZfpxatI=,wAupQiRdDHZrnITM47DsSP34Nq0=
13,-11,WJABzXsSQ756dQT8ej2mZfpxatI=,wAupQiRdDHZrnITM47DsSP34Nq0=
12,-8,WJABzXsSQ756dQT8ej2mZfpxatI=,wAupQiRdDHZrnITM47DsSP34Nq0=
11,-9,WJABzXsSQ756dQT8ej2mZfpxatI=,wAupQiRdDHZrnITM47DsSP34Nq0=
11,-8,WJABzXsSQ756dQT8ej2mZfpxatI=,wAupQiRdDHZrnITM47DsSP34Nq0=
12,-9,WJABzXsSQ756dQT8ej2mZfpxatI=,wAupQiRdDHZrnITM47DsSP34Nq0=
9,-9,WJABzXsSQ756dQT8ej2mZfpxatI=,wAupQiRdDHZrnITM47DsSP34Nq0=
7,-8,4YExWuXmg9upgTq9HvgPk9ilQqA=,wAupQiRdDHZrnITM47DsSP34Nq0=
7,-9,4YExWuXmg9upgTq9HvgPk9ilQqA=,wAupQiRdDHZrnITM47DsSP34Nq0=
9,-8,4YExWuXmg9upgTq9HvgPk9ilQqA=,wAupQiRdDHZrnITM47DsSP34Nq0=
8,-8,4YExWuXmg9upgTq9HvgPk9ilQqA=,wAupQiRdDHZrnITM47DsSP34Nq0=
10,-9,4YExWuXmg9upgTq9HvgPk9ilQqA=,wAupQiRdDHZrnITM47DsSP34Nq0=
8,-9,4YExWuXmg9upgTq9HvgPk9ilQqA=,wAupQiRdDHZrnITM47DsSP34Nq0=
10,-8,4YExWuXmg9upgTq9HvgPk9ilQqA=,wAupQiRdDHZrnITM47DsSP34Nq0=
14,-9,4YExWuXmg9upgTq9HvgPk9ilQqA=,wAupQiRdDHZrnITM47DsSP34Nq0=
14,-8,4YExWuXmg9upgTq9HvgPk9ilQqA=,wAupQiRdDHZrnITM47DsSP34Nq0=
13,-9,4YExWuXmg9upgTq9HvgPk9ilQqA=,wAupQiRdDHZrnITM47DsSP34Nq0=
13,-8,4YExWuXmg9upgTq9HvgPk9ilQqA=,wAupQiRdDHZrnITM47DsSP34Nq0=
7,-6,4YExWuXmg9upgTq9HvgPk9ilQqA=,wAupQiRdDHZrnITM47DsSP34Nq0=
7,-7,4YExWuXmg9upgTq9HvgPk9ilQqA=,wAupQiRdDHZrnITM47DsSP34Nq0=
8,-6,4YExWuXmg9upgTq9HvgPk9ilQqA=,suCVQZf1ef/hy295itXANtQGAJ4=
8,-7,4YExWuXmg9upgTq9HvgPk9ilQqA=,wAupQiRdDHZrnITM47DsSP34Nq0=
10,-6,4YExWuXmg9upgTq9HvgPk9ilQqA=,wXU1bgy3OeG2hb6W6quFLq4rL7I=
9,-7,4YExWuXmg9upgTq9HvgPk9ilQqA=,wAupQiRdDHZrnITM47DsSP34Nq0=
9,-6,4YExWuXmg9upgTq9HvgPk9ilQqA=,suCVQZf1ef/hy295itXANtQGAJ4=
10,-7,4YExWuXmg9upgTq9HvgPk9ilQqA=,wAupQiRdDHZrnITM47DsSP34Nq0=
13,-6,4YExWuXmg9upgTq9HvgPk9ilQqA=,wAupQiRdDHZrnITM47DsSP34Nq0=
12,-6,4YExWuXmg9upgTq9HvgPk9ilQqA=,wAupQiRdDHZrnITM47DsSP34Nq0=
12,-7,4YExWuXmg9upgTq9HvgPk9ilQqA=,wAupQiRdDHZrnITM47DsSP34Nq0=
14,-7,4YExWuXmg9upgTq9HvgPk9ilQqA=,wAupQiRdDHZrnITM47DsSP34Nq0=
13,-7,4YExWuXmg9upgTq9HvgPk9ilQqA=,wAupQiRdDHZrnITM47DsSP34Nq0=
11,-7,4YExWuXmg9upgTq9HvgPk9ilQqA=,wAupQiRdDHZrnITM47DsSP34Nq0=
14,-6,4YExWuXmg9upgTq9HvgPk9ilQqA=,wAupQiRdDHZrnITM47DsSP34Nq0=
11,-6,4YExWuXmg9upgTq9HvgPk9ilQqA=,wXU1bgy3OeG2hb6W6quFLq4rL7I=
7,-5,4YExWuXmg9upgTq9HvgPk9ilQqA=,wAupQiRdDHZrnITM47DsSP34Nq0=
8,-4,4YExWuXmg9upgTq9HvgPk9ilQqA=,wXU1bgy3OeG2hb6W6quFLq4rL7I=
7,-4,4YExWuXmg9upgTq9HvgPk9ilQqA=,wAupQiRdDHZrnITM47DsSP34Nq0=
8,-5,4YExWuXmg9upgTq9HvgPk9ilQqA=,suCVQZf1ef/hy295itXANtQGAJ4=
10,-5,4YExWuXmg9upgTq9HvgPk9ilQqA=,wXU1bgy3OeG2hb6W6quFLq4rL7I=
9,-5,4YExWuXmg9upgTq9HvgPk9ilQqA=,suCVQZf1ef/hy295itXANtQGAJ4=
10,-4,4YExWuXmg9upgTq9HvgPk9ilQqA=,wXU1bgy3OeG2hb6W6quFLq4rL7I=
9,-4,4YExWuXmg9upgTq9HvgPk9ilQqA=,wXU1bgy3OeG2hb6W6quFLq4rL7I=
14,-4,4YExWuXmg9upgTq9HvgPk9ilQqA=,wAupQiRdDHZrnITM47DsSP34Nq0=
12,-4,4YExWuXmg9upgTq9HvgPk9ilQqA=,wAupQiRdDHZrnITM47DsSP34Nq0=
13,-4,4YExWuXmg9upgTq9HvgPk9ilQqA=,wAupQiRdDHZrnITM47DsSP34Nq0=
14,-5,4YExWuXmg9upgTq9HvgPk9ilQqA=,wAupQiRdDHZrnITM47DsSP34Nq0=
11,-5,4YExWuXmg9upgTq9HvgPk9ilQqA=,wXU1bgy3OeG2hb6W6quFLq4rL7I=
12,-5,4YExWuXmg9upgTq9HvgPk9ilQqA=,wAupQiRdDHZrnITM47DsSP34Nq0=
13,-5,4YExWuXmg9upgTq9HvgPk9ilQqA=,wAupQiRdDHZrnITM47DsSP34Nq0=
11,-4,4YExWuXmg9upgTq9HvgPk9ilQqA=,wXU1bgy3OeG2hb6W6quFLq4rL7I=
9,-2,4YExWuXmg9upgTq9HvgPk9ilQqA=,suCVQZf1ef/hy295itXANtQGAJ4=
10,-2,4YExWuXmg9upgTq9HvgPk9ilQqA=,9FUARnN1JCpFgc6Iv6yf/rvkdck=
10,-3,4YExWuXmg9upgTq9HvgPk9ilQqA=,wXU1bgy3OeG2hb6W6quFLq4rL7I=
11,-3,4YExWuXmg9upgTq9HvgPk9ilQqA=,wXU1bgy3OeG2hb6W6quFLq4rL7I=
12,-3,4YExWuXmg9upgTq9HvgPk9ilQqA=,wAupQiRdDHZrnITM47DsSP34Nq0=
12,-2,4YExWuXmg9upgTq9HvgPk9ilQqA=,wAupQiRdDHZrnITM47DsSP34Nq0=
9,-3,4YExWuXmg9upgTq9HvgPk9ilQqA=,wXU1bgy3OeG2hb6W6quFLq4rL7I=
11,-2,4YExWuXmg9upgTq9HvgPk9ilQqA=,9FUARnN1JCpFgc6Iv6yf/rvkdck=
7,-2,4YExWuXmg9upgTq9HvgPk9ilQqA=,wAupQiRdDHZrnITM47DsSP34Nq0=
7,-3,4YExWuXmg9upgTq9HvgPk9ilQqA=,wAupQiRdDHZrnITM47DsSP34Nq0=
8,-2,4YExWuXmg9upgTq9HvgPk9ilQqA=,suCVQZf1ef/hy295itXANtQGAJ4=
8,-3,4YExWuXmg9upgTq9HvgPk9ilQqA=,wXU1bgy3OeG2hb6W6quFLq4rL7I=
6,-3,4YExWuXmg9upgTq9HvgPk9ilQqA=,wAupQiRdDHZrnITM47DsSP34Nq0=
5,-2,4YExWuXmg9upgTq9HvgPk9ilQqA=,wAupQiRdDHZrnITM47DsSP34Nq0=
6,-2,4YExWuXmg9upgTq9HvgPk9ilQqA=,wAupQiRdDHZrnITM47DsSP34Nq0=
5,-3,4YExWuXmg9upgTq9HvgPk9ilQqA=,wAupQiRdDHZrnITM47DsSP34Nq0=
3,-3,4YExWuXmg9upgTq9HvgPk9ilQqA=,wAupQiRdDHZrnITM47DsSP34Nq0=
1,-2,4YExWuXmg9upgTq9HvgPk9ilQqA=,JDv0Ni44CusNuNHsSXzw0U4FeJg=
3,-2,4YExWuXmg9upgTq9HvgPk9ilQqA=,46yVVQJdAi4mWuR3UIyxzS02bO8=
2,-3,4YExWuXmg9upgTq9HvgPk9ilQqA=,wAupQiRdDHZrnITM47DsSP34Nq0=
4,-3,4YExWuXmg9upgTq9HvgPk9ilQqA=,wAupQiRdDHZrnITM47DsSP34Nq0=
4,-2,4YExWuXmg9upgTq9HvgPk9ilQqA=,wAupQiRdDHZrnITM47DsSP34Nq0=
1,-3,4YExWuXmg9upgTq9HvgPk9ilQqA=,wAupQiRdDHZrnITM47DsSP34Nq0=
2,-2,4YExWuXmg9upgTq9HvgPk9ilQqA=,46yVVQJdAi4mWuR3UIyxzS02bO8=
1,-4,4YExWuXmg9upgTq9HvgPk9ilQqA=,wAupQiRdDHZrnITM47DsSP34Nq0=
2,-5,4YExWuXmg9upgTq9HvgPk9ilQqA=,wAupQiRdDHZrnITM47DsSP34Nq0=
2,-4,4YExWuXmg9upgTq9HvgPk9ilQqA=,wAupQiRdDHZrnITM47DsSP34Nq0=
1,-5,4YExWuXmg9upgTq9HvgPk9ilQqA=,wAupQiRdDHZrnITM47DsSP34Nq0=
0,-7,4YExWuXmg9upgTq9HvgPk9ilQqA=,QBlmn7VTJl2RG6RIHol5LdIBvDI=
2,-6,4YExWuXmg9upgTq9HvgPk9ilQqA=,wAupQiRdDHZrnITM47DsSP34Nq0=
2,-7,4YExWuXmg9upgTq9HvgPk9ilQqA=,wh0K5S+DhPUSyQ7mX+Gg5gbe+eM=
1,-6,4YExWuXmg9upgTq9HvgPk9ilQqA=,wAupQiRdDHZrnITM47DsSP34Nq0=
0,-6,4YExWuXmg9upgTq9HvgPk9ilQqA=,wAupQiRdDHZrnITM47DsSP34Nq0=
2,-10,4YExWuXmg9upgTq9HvgPk9ilQqA=,wh0K5S+DhPUSyQ7mX+Gg5gbe+eM=
2,-11,4YExWuXmg9upgTq9HvgPk9ilQqA=,nX9CbU5CBjCG/piBzABUGkYcqgk=
2,-8,4YExWuXmg9upgTq9HvgPk9ilQqA=,wh0K5S+DhPUSyQ7mX+Gg5gbe+eM=
0,-11,4YExWuXmg9upgTq9HvgPk9ilQqA=,QBlmn7VTJl2RG6RIHol5LdIBvDI=
1,-11,4YExWuXmg9upgTq9HvgPk9ilQqA=,QBlmn7VTJl2RG6RIHol5LdIBvDI=
1,-8,4YExWuXmg9upgTq9HvgPk9ilQqA=,QBlmn7VTJl2RG6RIHol5LdIBvDI=
1,-7,4YExWuXmg9upgTq9HvgPk9ilQqA=,QBlmn7VTJl2RG6RIHol5LdIBvDI=
1,-10,4YExWuXmg9upgTq9HvgPk9ilQqA=,QBlmn7VTJl2RG6RIHol5LdIBvDI=
2,-9,4YExWuXmg9upgTq9HvgPk9ilQqA=,wh0K5S+DhPUSyQ7mX+Gg5gbe+eM=
1,-9,4YExWuXmg9upgTq9HvgPk9ilQqA=,QBlmn7VTJl2RG6RIHol5LdIBvDI=
0,-8,4YExWuXmg9upgTq9HvgPk9ilQqA=,QBlmn7VTJl2RG6RIHol5LdIBvDI=
0,-9,4YExWuXmg9upgTq9HvgPk9ilQqA=,QBlmn7VTJl2RG6RIHol5LdIBvDI=
0,-10,4YExWuXmg9upgTq9HvgPk9ilQqA=,QBlmn7VTJl2RG6RIHol5LdIBvDI=
1,-13,4YExWuXmg9upgTq9HvgPk9ilQqA=,QBlmn7VTJl2RG6RIHol5LdIBvDI=
2,-13,4YExWuXmg9upgTq9HvgPk9ilQqA=,nX9CbU5CBjCG/piBzABUGkYcqgk=
2,-12,4YExWuXmg9upgTq9HvgPk9ilQqA=,nX9CbU5CBjCG/piBzABUGkYcqgk=
1,-12,4YExWuXmg9upgTq9HvgPk9ilQqA=,QBlmn7VTJl2RG6RIHol5LdIBvDI=
2,-16,4YExWuXmg9upgTq9HvgPk9ilQqA=,BnsP1W9xqGFID+X9Ru06iRNpFbo=
1,-14,4YExWuXmg9upgTq9HvgPk9ilQqA=,QBlmn7VTJl2RG6RIHol5LdIBvDI=
2,-15,4YExWuXmg9upgTq9HvgPk9ilQqA=,BnsP1W9xqGFID+X9Ru06iRNpFbo=
2,-14,4YExWuXmg9upgTq9HvgPk9ilQqA=,nX9CbU5CBjCG/piBzABUGkYcqgk=
1,-16,4YExWuXmg9upgTq9HvgPk9ilQqA=,GosMizc9ZKpcG+wkjIb4B2SPHA0=
1,-15,4YExWuXmg9upgTq9HvgPk9ilQqA=,GosMizc9ZKpcG+wkjIb4B2SPHA0=
3,-16,4YExWuXmg9upgTq9HvgPk9ilQqA=,BnsP1W9xqGFID+X9Ru06iRNpFbo=
4,-16,4YExWuXmg9upgTq9HvgPk9ilQqA=,wAupQiRdDHZrnITM47DsSP34Nq0=
3,-13,4YExWuXmg9upgTq9HvgPk9ilQqA=,nX9CbU5CBjCG/piBzABUGkYcqgk=
3,-12,4YExWuXmg9upgTq9HvgPk9ilQqA=,nX9CbU5CBjCG/piBzABUGkYcqgk=
4,-13,4YExWuXmg9upgTq9HvgPk9ilQqA=,wAupQiRdDHZrnITM47DsSP34Nq0=
4,-12,4YExWuXmg9upgTq9HvgPk9ilQqA=,wAupQiRdDHZrnITM47DsSP34Nq0=
3,-14,4YExWuXmg9upgTq9HvgPk9ilQqA=,nX9CbU5CBjCG/piBzABUGkYcqgk=
4,-15,4YExWuXmg9upgTq9HvgPk9ilQqA=,wAupQiRdDHZrnITM47DsSP34Nq0=
3,-15,4YExWuXmg9upgTq9HvgPk9ilQqA=,BnsP1W9xqGFID+X9Ru06iRNpFbo=
4,-14,4YExWuXmg9upgTq9HvgPk9ilQqA=,wAupQiRdDHZrnITM47DsSP34Nq0=
5,-12,4YExWuXmg9upgTq9HvgPk9ilQqA=,wAupQiRdDHZrnITM47DsSP34Nq0=
6,-12,4YExWuXmg9upgTq9HvgPk9ilQqA=,wAupQiRdDHZrnITM47DsSP34Nq0=
5,-13,4YExWuXmg9upgTq9HvgPk9ilQqA=,wAupQiRdDHZrnITM47DsSP34Nq0=
6,-16,4YExWuXmg9upgTq9HvgPk9ilQqA=,wAupQiRdDHZrnITM47DsSP34Nq0=
6,-15,4YExWuXmg9upgTq9HvgPk9ilQqA=,wAupQiRdDHZrnITM47DsSP34Nq0=
6,-14,4YExWuXmg9upgTq9HvgPk9ilQqA=,wAupQiRdDHZrnITM47DsSP34Nq0=
5,-14,4YExWuXmg9upgTq9HvgPk9ilQqA=,wAupQiRdDHZrnITM47DsSP34Nq0=
5,-15,4YExWuXmg9upgTq9HvgPk9ilQqA=,wAupQiRdDHZrnITM47DsSP34Nq0=
5,-16,4YExWuXmg9upgTq9HvgPk9ilQqA=,wAupQiRdDHZrnITM47DsSP34Nq0=
8,-12,4YExWuXmg9upgTq9HvgPk9ilQqA=,wAupQiRdDHZrnITM47DsSP34Nq0=
7,-12,4YExWuXmg9upgTq9HvgPk9ilQqA=,wAupQiRdDHZrnITM47DsSP34Nq0=
6,-13,4YExWuXmg9upgTq9HvgPk9ilQqA=,wAupQiRdDHZrnITM47DsSP34Nq0=
8,-13,4YExWuXmg9upgTq9HvgPk9ilQqA=,wAupQiRdDHZrnITM47DsSP34Nq0=
7,-13,4YExWuXmg9upgTq9HvgPk9ilQqA=,wAupQiRdDHZrnITM47DsSP34Nq0=
8,-16,4YExWuXmg9upgTq9HvgPk9ilQqA=,wAupQiRdDHZrnITM47DsSP34Nq0=
7,-16,4YExWuXmg9upgTq9HvgPk9ilQqA=,wAupQiRdDHZrnITM47DsSP34Nq0=
7,-15,4YExWuXmg9upgTq9HvgPk9ilQqA=,wAupQiRdDHZrnITM47DsSP34Nq0=
8,-14,4YExWuXmg9upgTq9HvgPk9ilQqA=,wAupQiRdDHZrnITM47DsSP34Nq0=
7,-14,4YExWuXmg9upgTq9HvgPk9ilQqA=,wAupQiRdDHZrnITM47DsSP34Nq0=
8,-15,4YExWuXmg9upgTq9HvgPk9ilQqA=,wAupQiRdDHZrnITM47DsSP34Nq0=
10,-12,4YExWuXmg9upgTq9HvgPk9ilQqA=,wAupQiRdDHZrnITM47DsSP34Nq0=
9,-12,4YExWuXmg9upgTq9HvgPk9ilQqA=,wAupQiRdDHZrnITM47DsSP34Nq0=
10,-15,4YExWuXmg9upgTq9HvgPk9ilQqA=,wAupQiRdDHZrnITM47DsSP34Nq0=
10,-13,4YExWuXmg9upgTq9HvgPk9ilQqA=,wAupQiRdDHZrnITM47DsSP34Nq0=
9,-16,4YExWuXmg9upgTq9HvgPk9ilQqA=,wAupQiRdDHZrnITM47DsSP34Nq0=
10,-16,4YExWuXmg9upgTq9HvgPk9ilQqA=,wAupQiRdDHZrnITM47DsSP34Nq0=
9,-15,4YExWuXmg9upgTq9HvgPk9ilQqA=,wAupQiRdDHZrnITM47DsSP34Nq0=
11,-16,4YExWuXmg9upgTq9HvgPk9ilQqA=,wAupQiRdDHZrnITM47DsSP34Nq0=
12,-16,4YExWuXmg9upgTq9HvgPk9ilQqA=,wAupQiRdDHZrnITM47DsSP34Nq0=
11,-15,4YExWuXmg9upgTq9HvgPk9ilQqA=,wAupQiRdDHZrnITM47DsSP34Nq0=
12,-15,4YExWuXmg9upgTq9HvgPk9ilQqA=,wAupQiRdDHZrnITM47DsSP34Nq0=
9,-14,4YExWuXmg9upgTq9HvgPk9ilQqA=,wAupQiRdDHZrnITM47DsSP34Nq0=
9,-13,4YExWuXmg9upgTq9HvgPk9ilQqA=,wAupQiRdDHZrnITM47DsSP34Nq0=
10,-14,4YExWuXmg9upgTq9HvgPk9ilQqA=,wAupQiRdDHZrnITM47DsSP34Nq0=
11,-12,4YExWuXmg9upgTq9HvgPk9ilQqA=,wAupQiRdDHZrnITM47DsSP34Nq0=
12,-14,4YExWuXmg9upgTq9HvgPk9ilQqA=,wAupQiRdDHZrnITM47DsSP34Nq0=
11,-13,4YExWuXmg9upgTq9HvgPk9ilQqA=,wAupQiRdDHZrnITM47DsSP34Nq0=
12,-13,4YExWuXmg9upgTq9HvgPk9ilQqA=,wAupQiRdDHZrnITM47DsSP34Nq0=
12,-12,4YExWuXmg9upgTq9HvgPk9ilQqA=,wAupQiRdDHZrnITM47DsSP34Nq0=
11,-14,4YExWuXmg9upgTq9HvgPk9ilQqA=,wAupQiRdDHZrnITM47DsSP34Nq0=
15,-11,4YExWuXmg9upgTq9HvgPk9ilQqA=,wAupQiRdDHZrnITM47DsSP34Nq0=
15,-10,4YExWuXmg9upgTq9HvgPk9ilQqA=,wAupQiRdDHZrnITM47DsSP34Nq0=
15,-6,4YExWuXmg9upgTq9HvgPk9ilQqA=,wAupQiRdDHZrnITM47DsSP34Nq0=
15,-8,4YExWuXmg9upgTq9HvgPk9ilQqA=,wAupQiRdDHZrnITM47DsSP34Nq0=
15,-9,SLRrqn4ZCR82qcX0t1W4+uFt8M0=,wAupQiRdDHZrnITM47DsSP34Nq0=
15,-4,SLRrqn4ZCR82qcX0t1W4+uFt8M0=,wAupQiRdDHZrnITM47DsSP34Nq0=
15,-7,SLRrqn4ZCR82qcX0t1W4+uFt8M0=,wAupQiRdDHZrnITM47DsSP34Nq0=
15,-5,SLRrqn4ZCR82qcX0t1W4+uFt8M0=,wAupQiRdDHZrnITM47DsSP34Nq0=
13,-16,SLRrqn4ZCR82qcX0t1W4+uFt8M0=,wAupQiRdDHZrnITM47DsSP34Nq0=
14,-16,SLRrqn4ZCR82qcX0t1W4+uFt8M0=,wAupQiRdDHZrnITM47DsSP34Nq0=
15,-16,SLRrqn4ZCR82qcX0t1W4+uFt8M0=,wAupQiRdDHZrnITM47DsSP34Nq0=
7,-1,SLRrqn4ZCR82qcX0t1W4+uFt8M0=,wAupQiRdDHZrnITM47DsSP34Nq0=
12,-1,SLRrqn4ZCR82qcX0t1W4+uFt8M0=,wAupQiRdDHZrnITM47DsSP34Nq0=
8,-1,SLRrqn4ZCR82qcX0t1W4+uFt8M0=,suCVQZf1ef/hy295itXANtQGAJ4=
6,-1,SLRrqn4ZCR82qcX0t1W4+uFt8M0=,wAupQiRdDHZrnITM47DsSP34Nq0=
9,-1,SLRrqn4ZCR82qcX0t1W4+uFt8M0=,suCVQZf1ef/hy295itXANtQGAJ4=
10,-1,SLRrqn4ZCR82qcX0t1W4+uFt8M0=,9FUARnN1JCpFgc6Iv6yf/rvkdck=
11,-1,SLRrqn4ZCR82qcX0t1W4+uFt8M0=,9FUARnN1JCpFgc6Iv6yf/rvkdck=
4,-1,SLRrqn4ZCR82qcX0t1W4+uFt8M0=,wAupQiRdDHZrnITM47DsSP34Nq0=
3,-1,SLRrqn4ZCR82qcX0t1W4+uFt8M0=,46yVVQJdAi4mWuR3UIyxzS02bO8=
5,-1,SLRrqn4ZCR82qcX0t1W4+uFt8M0=,wAupQiRdDHZrnITM47DsSP34Nq0=
0,-2,SLRrqn4ZCR82qcX0t1W4+uFt8M0=,JDv0Ni44CusNuNHsSXzw0U4FeJg=
1,-1,SLRrqn4ZCR82qcX0t1W4+uFt8M0=,JDv0Ni44CusNuNHsSXzw0U4FeJg=
15,-12,SLRrqn4ZCR82qcX0t1W4+uFt8M0=,wAupQiRdDHZrnITM47DsSP34Nq0=
0,-3,SLRrqn4ZCR82qcX0t1W4+uFt8M0=,wAupQiRdDHZrnITM47DsSP34Nq0=
0,-16,SLRrqn4ZCR82qcX0t1W4+uFt8M0=,GosMizc9ZKpcG+wkjIb4B2SPHA0=
0,-5,SLRrqn4ZCR82qcX0t1W4+uFt8M0=,wAupQiRdDHZrnITM47DsSP34Nq0=
0,-4,SLRrqn4ZCR82qcX0t1W4+uFt8M0=,wAupQiRdDHZrnITM47DsSP34Nq0=
0,-1,SLRrqn4ZCR82qcX0t1W4+uFt8M0=,JDv0Ni44CusNuNHsSXzw0U4FeJg=
13,-14,SLRrqn4ZCR82qcX0t1W4+uFt8M0=,wAupQiRdDHZrnITM47DsSP34Nq0=
14,-15,SLRrqn4ZCR82qcX0t1W4+uFt8M0=,wAupQiRdDHZrnITM47DsSP34Nq0=
13,-13,SLRrqn4ZCR82qcX0t1W4+uFt8M0=,wAupQiRdDHZrnITM47DsSP34Nq0=
2,-1,SLRrqn4ZCR82qcX0t1W4+uFt8M0=,46yVVQJdAi4mWuR3UIyxzS02bO8=
0,-12,SLRrqn4ZCR82qcX0t1W4+uFt8M0=,QBlmn7VTJl2RG6RIHol5LdIBvDI=
14,-12,SLRrqn4ZCR82qcX0t1W4+uFt8M0=,wAupQiRdDHZrnITM47DsSP34Nq0=
15,-15,SLRrqn4ZCR82qcX0t1W4+uFt8M0=,wAupQiRdDHZrnITM47DsSP34Nq0=
13,-15,SLRrqn4ZCR82qcX0t1W4+uFt8M0=,wAupQiRdDHZrnITM47DsSP34Nq0=
0,-13,SLRrqn4ZCR82qcX0t1W4+uFt8M0=,QBlmn7VTJl2RG6RIHol5LdIBvDI=
13,-12,SLRrqn4ZCR82qcX0t1W4+uFt8M0=,wAupQiRdDHZrnITM47DsSP34Nq0=
0,-15,SLRrqn4ZCR82qcX0t1W4+uFt8M0=,GosMizc9ZKpcG+wkjIb4B2SPHA0=
14,-3,SLRrqn4ZCR82qcX0t1W4+uFt8M0=,wAupQiRdDHZrnITM47DsSP34Nq0=
15,-3,SLRrqn4ZCR82qcX0t1W4+uFt8M0=,wAupQiRdDHZrnITM47DsSP34Nq0=
13,-3,SLRrqn4ZCR82qcX0t1W4+uFt8M0=,wAupQiRdDHZrnITM47DsSP34Nq0=
13,-2,SLRrqn4ZCR82qcX0t1W4+uFt8M0=,wAupQiRdDHZrnITM47DsSP34Nq0=
14,-2,SLRrqn4ZCR82qcX0t1W4+uFt8M0=,wAupQiRdDHZrnITM47DsSP34Nq0=
0,-14,SLRrqn4ZCR82qcX0t1W4+uFt8M0=,QBlmn7VTJl2RG6RIHol5LdIBvDI=
13,-1,SLRrqn4ZCR82qcX0t1W4+uFt8M0=,wAupQiRdDHZrnITM47DsSP34Nq0=
15,-2,SLRrqn4ZCR82qcX0t1W4+uFt8M0=,wAupQiRdDHZrnITM47DsSP34Nq0=
15,-1,SLRrqn4ZCR82qcX0t1W4+uFt8M0=,wAupQiRdDHZrnITM47DsSP34Nq0=
14,-1,SLRrqn4ZCR82qcX0t1W4+uFt8M0=,wAupQiRdDHZrnITM47DsSP34Nq0=
15,-13,SLRrqn4ZCR82qcX0t1W4+uFt8M0=,wAupQiRdDHZrnITM47DsSP34Nq0=
15,-14,SLRrqn4ZCR82qcX0t1W4+uFt8M0=,wAupQiRdDHZrnITM47DsSP34Nq0=
14,-14,SLRrqn4ZCR82qcX0t1W4+uFt8M0=,wAupQiRdDHZrnITM47DsSP34Nq0=
14,-13,SLRrqn4ZCR82qcX0t1W4+uFt8M0=,wAupQiRdDHZrnITM47DsSP34Nq0=
