-14,-9,SXZa7hcfEb35jrCSUa2sQQs7R3c=,le/ARzzWFh5mkY+dMkn7DF9eG4A=
-14,-8,SXZa7hcfEb35jrCSUa2sQQs7R3c=,le/ARzzWFh5mkY+dMkn7DF9eG4A=
-1,-1,SXZa7hcfEb35jrCSUa2sQQs7R3c=,le/ARzzWFh5mkY+dMkn7DF9eG4A=
-1,-2,SXZa7hcfEb35jrCSUa2sQQs7R3c=,le/ARzzWFh5mkY+dMkn7DF9eG4A=
-1,-3,SXZa7hcfEb35jrCSUa2sQQs7R3c=,le/ARzzWFh5mkY+dMkn7DF9eG4A=
-1,-4,SXZa7hcfEb35jrCSUa2sQQs7R3c=,le/ARzzWFh5mkY+dMkn7DF9eG4A=
-2,-2,SXZa7hcfEb35jrCSUa2sQQs7R3c=,le/ARzzWFh5mkY+dMkn7DF9eG4A=
-2,-1,SXZa7hcfEb35jrCSUa2sQQs7R3c=,le/ARzzWFh5mkY+dMkn7DF9eG4A=
-3,-3,le9ss9kYqqlolcmAAxsb0HMVc44=,le/ARzzWFh5mkY+dMkn7DF9eG4A=
-3,-4,le9ss9kYqqlolcmAAxsb0HMVc44=,le/ARzzWFh5mkY+dMkn7DF9eG4A=
-3,-1,le9ss9kYqqlolcmAAxsb0HMVc44=,le/ARzzWFh5mkY+dMkn7DF9eG4A=
-3,-2,le9ss9kYqqlolcmAAxsb0HMVc44=,le/ARzzWFh5mkY+dMkn7DF9eG4A=
-3,-5,le9ss9kYqqlolcmAAxsb0HMVc44=,le/ARzzWFh5mkY+dMkn7DF9eG4A=
-4,-3,le9ss9kYqqlolcmAAxsb0HMVc44=,le/ARzzWFh5mkY+dMkn7DF9eG4A=
-4,-2,le9ss9kYqqlolcmAAxsb0HMVc44=,le/ARzzWFh5mkY+dMkn7DF9eG4A=
-4,-1,le9ss9kYqqlolcmAAxsb0HMVc44=,le/ARzzWFh5mkY+dMkn7DF9eG4A=
-7,-5,le9ss9kYqqlolcmAAxsb0HMVc44=,le/ARzzWFh5mkY+dMkn7DF9eG4A=
-7,-3,le9ss9kYqqlolcmAAxsb0HMVc44=,le/ARzzWFh5mkY+dMkn7DF9eG4A=
-7,-4,le9ss9kYqqlolcmAAxsb0HMVc44=,le/ARzzWFh5mkY+dMkn7DF9eG4A=
-7,-1,le9ss9kYqqlolcmAAxsb0HMVc44=,le/ARzzWFh5mkY+dMkn7DF9eG4A=
-8,-3,le9ss9kYqqlolcmAAxsb0HMVc44=,le/ARzzWFh5mkY+dMkn7DF9eG4A=
-11,-7,le9ss9kYqqlolcmAAxsb0HMVc44=,le/ARzzWFh5mkY+dMkn7DF9eG4A=
-12,-8,P+PvJ8h73Te5WsOqNLi0W2lhb8Y=,le/ARzzWFh5mkY+dMkn7DF9eG4A=
-12,-7,P+PvJ8h73Te5WsOqNLi0W2lhb8Y=,le/ARzzWFh5mkY+dMkn7DF9eG4A=
-13,-9,P+PvJ8h73Te5WsOqNLi0W2lhb8Y=,le/ARzzWFh5mkY+dMkn7DF9eG4A=
-13,-8,P+PvJ8h73Te5WsOqNLi0W2lhb8Y=,le/ARzzWFh5mkY+dMkn7DF9eG4A=
